site,0
110001,1
110003,4
110004,4
110005,1
110006,1
110008,1
110010,2
110011,4
110012,1
110013,4
110014,1
110015,1
110016,1
110017,1
110018,1
110020,1
110021,1
110022,3
110024,1
110025,1
110026,4
110029,1
110030,1
110032,4
110033,1
110034,1
110036,2
110037,4
110039,1
110040,4
110041,1
110042,1
110043,1
110046,1
110049,4
110050,1
110051,1
110052,1
110053,1
110055,4
110057,1
110058,4
110059,1
110060,1
110061,1
110063,2
110064,1
110065,1
110066,2
110069,4
110070,4
110071,1
110072,1
110073,1
110074,1
110077,4
110078,1
110079,1
110080,1
110085,1
110089,2
110091,1
110093,1
110095,1
110102,1
110103,1
110104,1
110105,1
110108,1
110109,1
110110,1
110111,2
110112,1
110113,1
110124,1
110127,1
110128,2
110129,1
110131,1
110132,1
110136,1
110137,1
110140,1
110141,1
110142,1
110145,1
110147,1
110149,1
110150,1
110153,1
110154,2
110155,1
110156,1
110157,1
110172,1
110173,1
110175,1
110177,1
110179,1
110180,1
110181,1
110184,4
110187,1
110188,1
110191,1
110194,1
110198,1
110200,1
110202,1
110205,1
110211,1
110212,1
110216,1
110219,1
110220,1
110222,4
110223,1
110224,1
110226,1
110227,1
110228,1
110230,1
110232,1
110234,1
110236,1
110241,1
110242,1
110243,1
110246,1
110251,1
110253,1
110256,1
110257,1
110258,1
110259,4
110261,1
110264,1
110266,1
110268,1
110270,1
110272,1
110275,1
110277,1
110278,1
110285,1
110286,1
110289,1
110292,1
110293,1
110294,1
110295,1
110297,1
110302,1
110305,4
110309,1
110310,1
110313,1
110315,1
110317,1
110321,1
110325,1
110330,1
110334,2
110336,1
110339,1
110340,1
110341,1
110366,4
110367,1
110369,1
110376,4
110380,2
110381,3
110382,1
110383,3
110391,1
110395,3
110397,1
110398,2
110399,1
110403,1
110404,1
110405,1
110406,1
110407,1
110408,1
110409,1
110410,1
110412,1
110414,1
110416,1
110421,2
110422,1
110424,1
110426,1
110427,1
110428,1
110429,1
110430,1
110432,1
110433,4
110434,1
110436,1
110437,1
110438,1
110439,1
110440,1
110441,1
110442,1
110448,1
110449,1
110450,1
110451,1
110453,1
110454,1
110455,1
110457,1
110458,1
110459,1
110461,1
110462,1
110463,1
110466,1
110467,1
110468,1
110470,1
110471,1
110472,1
110473,1
110475,4
110477,1
110480,1
110489,1
110491,1
110494,1
110495,2
110496,1
110497,1
110498,3
110499,1
110509,4
110512,1
110517,1
110520,1
110540,1
110550,1
110553,1
110555,1
110557,3
110559,1
110564,1
110565,1
110566,1
110568,2
110569,1
110572,1
110574,1
110578,2
110585,1
110586,1
110588,1
110597,1
110598,1
110600,1
110605,1
110606,1
110607,4
110608,1
110610,1
110615,1
110616,2
110618,1
110620,2
110622,1
110625,1
110626,1
110627,1
110629,2
110630,1
110631,1
110633,4
110634,4
110635,1
110636,1
110637,1
110638,1
110639,1
110646,1
110648,1
110649,2
110655,4
110656,1
110657,1
110660,1
110665,1
110670,1
110671,1
110672,1
110673,1
110674,1
110677,3
110678,1
110684,1
110689,1
110694,1
110700,1
110701,1
110712,1
110713,1
110723,1
110724,1
110729,1
110730,1
110732,1
110740,1
110744,1
110750,1
110751,1
110753,1
110754,1
110756,1
110758,1
110767,1
110768,1
110771,1
110772,1
110776,1
110779,1
110782,1
110785,1
110790,1
110791,1
110794,1
110797,1
110798,1
110802,1
110804,1
110807,1
110808,1
110810,1
110813,1
110819,1
110825,1
110826,3
110847,1
110852,1
110872,1
110875,1
110877,1
110878,1
110879,1
110880,1
110882,2
110891,1
110899,1
110901,1
110903,1
110906,1
110907,1
110908,1
110909,1
110911,1
110912,1
110914,1
110916,1
110920,1
110924,1
110925,1
110926,1
110927,1
110929,1
110932,1
110934,1
110936,1
110938,1
110940,1
110943,1
110951,4
110953,1
110956,1
110957,1
110958,1
110959,1
110984,1
110986,1
110989,1
110991,1
110994,1
110996,1
110998,1
111001,4
111003,3
111005,4
111006,3
111007,4
111008,1
111009,3
111012,3
111013,1
111014,4
111016,2
111017,1
111018,1
111020,3
111021,4
111022,3
111023,4
111024,4
111025,1
111026,4
111027,1
111028,2
111029,2
111030,1
111031,4
111033,2
111034,1
111035,1
111037,1
111039,3
111040,1
111042,1
111043,1
111044,1
111045,1
111048,2
111049,1
111050,1
111053,1
111054,1
111055,1
111057,1
111058,4
111059,1
111060,1
111061,1
111062,1
111063,1
111065,1
111066,1
111067,1
111068,1
111071,1
111072,1
111073,1
111075,1
111077,1
111078,1
111081,1
111086,1
111087,1
111088,1
111089,1
111090,1
111091,1
111092,1
111093,1
111094,1
111095,1
111096,1
111097,4
111100,4
111102,2
111104,1
111105,1
111107,1
111108,3
111109,1
111110,1
111117,1
111118,1
111119,1
111124,1
111125,1
111128,1
111129,2
111130,1
111131,2
111132,1
111133,2
111134,1
111135,4
111136,2
111137,4
111139,4
111140,1
111142,1
111143,1
111144,1
111145,1
111148,1
111150,2
111152,1
111153,1
111154,1
111165,1
111166,4
111177,1
111178,1
111179,1
111180,1
111181,1
111182,1
111185,2
111186,1
111191,1
111192,1
111193,2
111194,4
111197,1
111198,2
111199,1
111200,1
111201,4
111202,1
111207,1
111208,4
111209,1
111210,1
111212,2
111213,1
111214,1
111217,1
111218,1
111220,1
111221,1
111224,1
111226,1
111227,1
111228,1
111233,1
111236,1
111238,1
111239,1
111241,2
111243,1
111245,2
111246,1
111247,1
111248,1
111249,1
111252,1
111258,1
111260,1
111266,1
111267,1
111271,1
111272,1
111273,2
111274,1
111276,1
111279,1
111283,1
111285,1
111287,1
111289,1
111291,1
111293,1
111295,1
111296,1
111297,1
111299,1
111300,1
111302,1
111303,1
111307,1
111309,1
111315,1
111320,1
111322,2
111323,1
111328,1
111329,1
111333,1
111334,1
111337,1
111339,1
111340,1
111342,1
111343,1
111344,1
111346,1
111347,1
111350,1
111354,1
111357,1
111364,1
111366,1
111367,1
111369,1
111371,1
111372,1
111375,1
111376,1
111378,2
111379,4
111380,1
111381,2
111382,1
111383,1
111384,1
111385,3
111386,1
111387,1
111388,1
111390,1
111393,1
111397,1
111399,1
111400,1
111401,1
111402,1
111409,1
111411,1
111413,1
111418,1
111420,1
111421,1
111423,4
111424,1
111433,1
111439,1
111441,1
111442,1
111446,1
111450,1
111451,1
111453,4
111454,1
111456,1
111466,1
111469,1
111472,1
111475,1
111479,3
111483,1
111484,2
111486,4
111489,3
111491,1
111496,1
111500,1
111512,1
111513,1
111514,2
111515,1
111516,1
111519,1
111520,1
111521,1
111522,1
111523,1
111529,1
111531,1
111532,1
111533,1
111534,2
111535,1
111536,1
111540,1
111541,1
111542,1
111543,1
111544,1
111545,2
111546,1
111548,1
111549,1
111550,1
111551,1
111552,1
111553,1
111555,1
111556,1
111557,1
111558,4
111561,1
111564,1
111565,1
111566,2
111567,1
111570,1
111571,3
111573,1
111574,1
111575,1
111576,1
111577,1
111579,2
111580,1
111581,2
111582,1
111583,1
111584,1
111585,1
111586,1
111587,1
111588,2
111589,4
111590,1
111593,1
111595,1
111597,1
111598,1
111599,1
111600,1
111602,1
111603,1
111604,1
111605,3
111608,1
111609,1
111610,1
111612,1
111613,1
111616,1
111617,1
111618,1
111620,1
111622,1
111623,1
111626,2
111627,1
111629,1
111630,1
111632,2
111633,1
111634,3
111635,1
111637,1
111639,1
111640,1
111641,1
111645,2
111646,3
111647,2
111648,4
111649,1
111651,1
111653,2
111654,1
111655,1
111656,1
111657,1
111659,1
111661,1
111662,4
111663,1
111664,4
111665,1
111667,1
111669,2
111670,1
111671,1
111672,3
111673,1
111674,1
111675,1
111676,1
111677,1
111678,4
111679,2
111681,4
111682,1
111683,1
111684,1
111685,4
111686,1
111688,1
111689,1
111690,1
111691,1
111693,1
111694,4
111695,1
111697,1
111698,1
111699,1
111700,1
111702,1
111704,1
111706,1
111707,1
111709,2
111710,1
111712,1
111713,1
111714,1
111717,1
111718,1
111719,1
111721,1
111723,1
111724,1
111725,1
111727,1
111728,1
111729,1
111730,1
111732,1
111733,1
111734,1
111737,1
111738,1
111740,1
111741,1
111742,1
111744,2
111746,1
111747,1
111748,1
111749,1
111750,1
111752,1
111753,1
111754,1
111755,3
111756,1
111757,1
111758,1
111759,1
111763,1
111764,1
111767,1
111768,1
111770,1
111771,1
111772,1
111773,1
111774,1
111775,4
111777,1
111778,1
111779,1
111780,2
111781,2
111782,4
111783,1
111784,1
111785,1
111786,4
111788,1
111789,1
111790,2
111792,1
111794,2
111795,1
111796,1
111797,1
111799,1
111803,1
111804,1
111805,1
111807,2
111809,1
111810,1
111811,1
111813,1
111814,1
111816,1
111817,1
111818,1
111819,1
111822,1
111823,3
111826,1
111827,1
111828,2
111829,1
111830,1
111832,1
111833,1
111837,1
111839,1
111840,1
111844,1
111845,1
111848,1
111851,1
111852,1
111854,3
111857,4
111858,4
111859,1
111862,4
111865,1
111866,1
111868,1
111870,1
111871,1
111875,1
111877,1
111885,1
111886,1
111887,1
111888,1
111889,1
111892,1
111894,1
111895,1
111896,1
111897,1
111898,1
111899,1
111901,1
111904,1
111905,1
111907,1
111909,1
111911,1
111912,1
111913,1
111917,1
111919,1
111921,1
111922,2
111923,1
111927,1
111928,2
111929,1
111930,1
111934,1
111937,1
111938,1
111940,1
111942,1
111944,1
111945,1
111946,1
111947,1
111948,1
111949,1
111950,4
111953,1
111954,1
111955,1
111957,2
111961,1
111966,1
111967,1
111969,4
111971,4
111979,1
111980,1
111981,1
111984,1
111985,1
111990,1
111991,1
111992,3
111996,4
112008,1
112009,1
112010,1
112011,1
112013,1
112014,1
112016,1
112019,1
112023,1
112024,1
112025,1
112026,1
112027,1
112028,1
112029,1
112030,1
112031,1
112032,1
112033,4
112034,1
112035,2
112037,4
112038,1
112039,1
112040,1
112041,4
112042,1
112043,1
112044,2
112045,2
112049,1
112050,1
112051,1
112052,1
112053,1
112055,1
112056,1
112062,1
112065,1
112066,1
112069,1
112070,1
112071,1
112072,1
112073,1
112074,1
112075,1
112076,1
112078,1
112080,3
112089,1
112090,1
112091,1
112092,2
112093,1
112094,1
112096,1
112098,1
112100,1
112101,3
112102,1
112104,1
112105,1
112106,1
112110,4
112111,1
112113,1
112115,1
112120,1
112124,1
112125,1
112126,1
112130,1
112131,1
112132,1
112133,1
112134,1
112135,1
112137,1
112140,1
112143,1
112144,1
112145,1
112148,1
112149,1
112153,1
112154,1
112156,1
112157,1
112159,1
112161,1
112162,1
112163,1
112173,1
112176,1
112177,3
112178,1
112179,1
112180,2
112183,1
112190,1
112191,1
112193,1
112194,1
112208,1
112211,1
112214,1
112216,1
112219,1
112222,1
112225,1
112226,1
112227,1
112228,1
112237,1
112241,1
112246,1
112247,1
112249,1
112250,1
112257,1
112258,1
112259,1
112260,1
112263,1
112265,1
112266,1
112267,1
112269,1
112270,1
112271,1
112275,1
112279,1
112281,1
112282,1
112284,1
112285,1
112286,1
112287,1
112291,1
112295,1
112297,1
112298,1
112302,1
112303,1
112306,1
112307,1
112308,1
112313,1
112315,1
112316,1
112317,1
112323,1
112324,1
112326,1
112328,1
112333,1
112334,1
112335,1
112338,1
112341,1
112342,1
112346,1
112347,1
112357,1
112358,1
112359,1
112360,1
112364,1
112371,1
112376,1
112382,1
112384,1
112395,1
112396,1
112397,1
112398,1
112403,1
112404,1
112405,1
112408,1
112415,1
112422,1
112423,1
112424,1
112426,1
112427,1
112432,1
112434,1
112437,2
112438,1
112439,1
112445,1
112446,1
112447,1
112449,1
112450,1
112454,1
112465,1
112466,1
112468,1
112469,1
112481,1
112486,1
112488,1
112489,1
112491,1
112496,1
112504,1
112505,1
112506,1
112510,1
112519,1
112525,1
112528,1
112530,1
112532,1
112533,1
112538,1
112539,1
112541,1
112542,1
112543,1
112545,1
112546,1
112547,1
112550,1
112551,1
112553,1
112554,1
112556,1
112557,1
112559,1
112560,1
112562,1
112565,1
112568,1
112569,1
112570,1
112571,2
112572,1
112574,1
112577,1
112578,1
112579,1
112582,1
112583,1
112584,2
112589,1
112591,1
112594,1
112595,1
112598,1
112601,1
112602,2
112603,1
112605,1
112607,1
112609,1
112611,1
112612,2
112616,1
112618,2
112619,1
112621,1
112622,1
112623,1
112624,1
112625,1
112627,1
112628,1
112629,1
112630,1
112631,1
112635,1
112637,1
112638,1
112640,1
112641,1
112642,1
112648,1
112650,1
112651,1
112653,2
112656,1
112657,1
112658,1
112661,1
112663,1
112664,1
112666,1
112667,1
112669,1
112670,1
112673,1
112674,1
112676,1
112677,1
112679,1
112681,1
112682,1
112683,1
112684,1
112686,1
112687,2
112699,1
112702,4
112703,1
112705,1
112706,1
112709,1
112710,2
112711,1
112712,2
112713,1
112714,1
112715,1
112723,4
112728,1
112729,1
112736,1
112740,1
112745,1
112749,1
112751,1
112752,1
112755,1
112757,1
112760,1
112762,1
112763,1
112764,1
112772,1
112773,1
112775,1
112776,2
112784,1
112788,1
112791,4
112793,1
112794,1
112796,1
112800,1
112801,1
112803,1
112804,1
112806,4
112807,1
112808,1
112809,1
112811,1
112812,1
112815,1
112822,1
112823,1
112824,1
112826,1
112827,1
112828,4
112829,1
112831,1
112834,1
112837,1
112838,1
112841,1
112844,1
112852,1
112855,1
112856,1
112858,4
112860,1
112861,1
112862,4
112863,1
112864,1
112865,3
112867,1
112868,4
112869,1
112871,1
112872,1
112877,1
112879,1
112880,1
112882,1
112884,1
112889,1
112890,1
112892,1
112895,1
112897,1
112899,1
112901,1
112903,1
112904,1
112906,1
112907,1
112908,1
112910,1
112911,1
112913,4
112918,2
112920,1
112924,1
112928,1
112930,1
112933,1
112934,1
112939,4
112940,1
112941,1
112943,1
112944,1
112949,1
112952,1
112957,1
112959,1
112960,1
112961,1
112965,1
112966,1
112969,1
112971,2
112972,1
112977,2
112982,1
112983,1
112984,1
112986,1
112990,1
112993,1
114001,1
114002,1
114003,1
114004,1
114005,1
114007,2
114019,1
114021,1
114022,1
114023,1
114067,1
114072,1
114086,1
114117,1
114122,2
115001,1
115003,1
115004,1
115005,1
115007,1
115008,1
115009,1
115011,1
115013,1
115014,1
115015,1
115017,1
115018,4
115020,1
115022,1
115023,1
115024,4
115030,1
115033,1
115034,4
115035,4
115036,4
115038,1
115039,1
115040,1
115041,1
115044,1
115046,3
115047,1
115048,2
115057,4
115058,4
115065,4
115066,1
115067,1
115079,3
115087,1
115095,2
115096,3
115104,1
115105,1
115111,1
115150,2
115154,2
115156,1
115163,2
115166,1
115184,1
115185,2
115210,3
115211,1
116001,1
116002,1
116007,4
116012,4
116030,4
116033,1
116063,4
116097,1
116111,4
116115,4
116250,1
116279,1
116280,4
116281,1
116284,1
116294,1
116305,1
116309,4
116311,4
116316,4
116317,1
116325,4
116326,4
116327,1
116332,1
116397,4
120002,2
120007,1
120009,1
120019,2
120023,2
120031,2
120045,2
120062,1
120090,1
120096,1
120097,1
120106,1
120107,1
120114,1
120133,2
120134,1
120138,1
120139,1
120144,1
120146,1
120152,1
120170,1
120171,1
120178,1
120189,1
120193,1
120197,1
120199,1
120203,1
120209,1
120210,1
120215,1
120218,1
120231,1
120235,1
120237,1
120238,2
120239,1
120240,1
120244,1
120291,1
120298,2
120301,1
120303,1
120306,1
120314,1
120316,1
120318,1
120320,1
120327,1
120328,1
120333,1
120371,1
120386,1
120387,1
120389,1
120396,3
120411,1
120417,2
120419,1
120420,1
120423,1
120446,1
120452,1
120464,1
120479,3
120490,1
120518,1
120547,1
120549,1
120551,1
120562,1
120571,1
120580,1
120599,1
120602,1
120613,1
120614,1
120624,2
120647,1
120654,1
120662,1
120666,1
120675,2
120677,1
120680,1
120682,1
120686,2
120688,1
120690,1
120693,1
120695,1
120696,1
120703,1
120705,1
120706,1
120707,1
120717,1
120720,1
120725,1
120727,1
120736,1
120738,1
120747,1
120749,1
120752,1
120755,1
120757,1
120765,1
120775,1
120777,1
120778,1
120783,1
120792,1
120793,1
120800,1
120803,1
120818,1
120833,2
120837,1
120876,2
120881,1
120884,1
120944,1
120947,1
120954,1
120964,1
120977,1
120983,1
120987,1
120988,1
120995,1
120997,1
120999,1
121010,1
121011,3
121021,3
121082,1
121083,4
121084,2
121085,2
121111,2
121121,1
121146,2
121147,1
121183,1
121196,2
121201,1
121203,1
121215,1
121219,1
121223,1
121225,1
121226,1
121227,2
121229,1
121230,1
121231,1
121232,1
121244,1
121254,1
121270,1
121280,1
121281,1
121282,1
121290,1
121312,1
121324,1
121325,1
121327,1
121336,1
121341,1
121370,1
121394,1
121398,1
121405,2
121412,1
121414,1
121417,1
121438,1
121488,1
121601,1
121602,1
121611,1
121631,2
121650,2
121660,2
121666,2
121687,1
121696,2
121703,1
121705,1
121722,1
121731,1
121751,2
121760,1
121765,1
121766,2
121791,1
121798,1
121808,1
121825,1
121841,2
121867,1
121879,1
121880,1
121902,1
121903,2
121906,1
121916,1
121920,1
121925,1
121951,1
121987,1
121993,2
122003,1
122013,1
122015,1
122017,1
122022,1
122058,1
122077,1
122079,2
122083,1
122085,2
122094,3
122095,2
122097,1
122123,1
122142,1
122164,1
122184,1
122197,1
122210,1
122213,1
122220,1
122221,1
122223,1
122224,1
122243,1
122253,1
122256,1
122277,1
122280,1
122293,1
122327,1
122344,1
122369,1
122377,1
122383,1
122385,2
122387,1
122393,1
122411,1
122416,1
122522,1
122527,1
122544,1
122552,1
122564,1
122590,1
122605,1
122610,1
122633,1
122638,1
122639,1
122643,1
122644,1
122646,1
122649,1
122655,1
122667,1
122671,1
122680,1
122685,1
122691,1
122700,1
122701,2
122704,1
122720,1
122726,1
122728,1
122741,1
122756,1
122786,1
122792,1
122800,1
122810,1
122815,1
122825,1
122830,1
122832,1
122835,1
122848,1
122851,1
122854,1
122866,1
122870,1
122873,1
122876,1
122878,1
122882,1
122883,2
122887,1
122891,1
122893,1
122896,1
122902,1
122912,1
122914,1
122915,1
122926,2
122936,1
122951,1
122987,2
122994,1
124009,1
124012,1
124029,1
124088,1
124125,1
125073,1
125076,1
125078,1
125080,2
125098,1
125107,1
125137,1
125147,1
125148,1
125151,1
125155,2
125168,3
125189,1
125212,1
125509,2
126125,1
126140,4
126173,1
126192,4
126392,4
126415,1
126417,4
126423,4
126430,1
126432,1
126444,4
132819,4
135157,1
143483,1
213001,1
213002,1
213003,2
213007,1
213009,1
213010,1
213011,1
213013,1
213014,1
213016,1
213018,2
213022,2
213023,1
213025,1
213032,1
213036,1
213038,1
213042,2
213043,1
213044,1
213045,1
213048,1
213050,1
213051,1
213052,2
213055,1
213056,1
213058,1
213059,1
213064,1
213065,1
213067,1
213068,1
213071,1
213072,1
213074,1
213076,1
213078,1
213080,1
213082,1
213084,1
213086,1
213090,1
213091,1
213092,1
213093,1
213094,1
213096,1
213097,1
213098,1
213099,1
213104,1
213105,1
213107,1
213109,1
213111,2
213125,1
213127,1
213139,1
213145,1
213149,1
213152,1
213153,3
213157,1
213160,1
213164,1
213165,1
213170,2
213171,1
213172,1
213173,1
213176,1
213177,1
213179,2
213182,1
213184,1
213186,1
213192,1
213193,1
213194,1
213196,1
213197,1
213199,1
213206,1
213207,1
213210,1
213218,1
213219,1
213221,1
213223,1
213226,1
213228,1
213230,1
213235,1
213240,1
213244,1
213245,1
213246,1
213248,1
213250,2
213251,2
213253,1
213259,1
213264,1
213266,1
213268,1
213269,1
213270,1
213271,1
213273,1
213282,3
213288,1
213290,1
213300,2
213301,1
213304,1
213305,1
213308,1
213315,1
213318,1
213320,1
213323,1
213325,1
213332,1
213335,1
213337,1
213343,1
213344,2
213345,1
213347,1
213348,1
213349,1
213350,1
213351,1
213352,1
213353,1
213354,1
213364,1
213374,1
213376,1
213377,1
213378,1
213379,1
213380,1
213384,1
213388,1
213389,1
213392,1
213393,1
213394,1
213396,1
213397,1
213399,1
213403,1
213404,1
213405,1
213411,1
213415,1
213417,1
213428,1
213429,1
213432,1
213434,1
213435,1
213436,1
213440,1
213441,1
213444,1
213445,1
213446,1
213449,1
213457,1
213458,1
213459,1
213460,1
213462,1
213464,1
213465,1
213466,1
213467,2
213468,1
213469,1
213470,1
213471,1
213472,1
213474,1
213475,1
213477,1
213481,1
213482,1
213484,1
213488,1
213494,1
213495,1
213496,1
213505,1
213514,1
213515,1
213541,2
213606,1
213608,1
213609,1
213611,1
213612,1
213613,1
213616,1
213617,1
213618,1
213619,1
213623,1
213626,1
213628,1
213629,1
213631,1
213638,1
213639,1
213647,1
213649,1
213651,1
213659,1
213662,1
213663,1
213664,1
213674,1
213675,1
213678,1
213679,1
213682,2
213687,1
213696,1
213699,1
213860,1
213861,1
213863,1
213864,1
213867,1
213870,1
213886,1
213894,1
213896,1
213904,1
213939,1
213940,1
213944,1
213945,1
213946,1
213951,1
213952,1
213953,1
213955,1
213956,1
213976,1
213978,1
213979,1
213981,1
213985,1
213986,1
213992,1
213993,1
213995,1
213996,1
213997,1
223004,1
223005,2
223017,2
223028,1
223030,1
223066,1
223277,1
223497,1
223540,1
223607,1
223614,1
223623,1
223645,1
223650,1
223656,1
223667,1
223672,1
223681,2
223686,1
223699,1
240105,4
290430,1
290438,1
290455,1
290556,1
290559,1
290601,1
291112,1
310004,1
310005,3
310018,4
310022,4
310026,4
310082,4
310099,1
310102,4
310106,4
310135,4
310256,1
310257,1
310258,1
310259,1
310261,1
310262,1
310264,4
310266,4
310273,4
310275,1
310277,3
310279,1
310288,1
310292,1
310296,1
310300,1
310301,3
310305,3
310310,1
310311,1
310317,1
310322,1
310326,1
310329,1
310333,4
310334,4
310337,2
310338,1
310342,4
310345,4
310346,1
310348,1
310350,1
310354,4
310355,4
310356,1
310368,1
310373,1
310375,1
310376,1
310381,1
310383,1
310385,1
310386,1
310398,1
310402,1
310417,1
310425,1
310433,1
310435,4
310440,2
310442,1
310444,1
310446,3
310450,1
310451,1
310453,4
310454,4
310460,1
310474,4
310483,1
310484,1
310488,1
310491,1
310500,4
310501,1
310508,4
310509,1
310515,1
310516,1
310517,1
310518,1
310524,4
310528,1
310532,1
310534,1
310535,1
310540,4
310544,3
310546,1
310551,1
310552,1
310553,1
310557,1
310558,1
310559,1
310560,1
310563,1
310564,4
310567,1
310568,1
310571,2
310572,1
310573,1
310575,1
310578,3
310579,3
310580,1
310584,3
310585,3
310588,1
310591,4
310599,1
310608,1
310609,3
310613,4
310616,4
310617,4
310623,1
310628,4
310642,4
310651,3
310653,1
310658,3
310661,3
310686,4
310695,4
310698,1
310716,4
310731,1
310734,1
310737,1
310743,4
310744,4
310747,4
310759,1
310760,1
310796,1
310803,1
310806,1
310826,3
310827,3
310828,3
310830,3
310831,4
310832,1
310840,1
310843,1
310844,3
310845,3
310846,3
310848,3
310849,3
310852,3
310853,3
310854,3
310855,3
310857,1
310859,4
310865,1
310871,4
310872,1
310873,1
310884,1
310885,4
310886,1
310887,1
310889,4
310896,3
310897,4
310900,4
310917,4
310960,4
310966,1
310968,4
310969,1
310971,4
310977,1
310978,4
310979,1
310982,1
310990,1
310992,2
311339,4
311401,2
311420,1
313086,1
313504,1
313506,1
313508,1
313513,1
313514,1
313515,1
313518,1
313520,1
313521,1
313526,1
313528,1
313530,1
313534,1
313535,1
313536,1
313539,1
313541,1
313545,1
313550,1
313556,1
313557,1
313562,3
313564,1
313565,2
313566,1
313568,1
313570,1
313572,1
313574,1
313576,1
313577,1
313578,1
313582,1
313585,2
313586,1
313589,1
313590,1
313592,1
313594,1
313597,1
313599,1
313700,1
313701,1
313704,4
313709,1
313710,1
313711,1
313712,1
313713,1
313714,1
313716,4
313718,1
313720,3
313721,3
313729,1
313730,1
313734,1
313735,1
313738,1
313743,1
313744,1
313747,1
313751,1
313752,1
313753,1
313754,1
313755,1
313756,1
313757,1
313763,1
313764,1
313766,1
313768,1
313772,1
313775,1
313776,1
313780,1
313783,1
313784,1
313786,1
313787,1
313788,1
313796,1
313798,1
313799,1
313800,1
313801,1
313802,1
313807,1
313810,1
313811,1
313815,1
313817,1
313821,4
313822,1
313823,1
313827,1
313828,2
313829,1
313841,1
313842,1
313844,2
313847,1
313849,4
314004,1
314007,1
314008,1
314012,4
314020,4
314022,1
314023,1
314024,4
314025,2
314026,1
314027,1
314028,1
314029,1
314030,1
314031,1
314032,1
314033,3
314034,3
314035,1
314037,1
314038,3
314039,2
314041,1
314042,4
314043,2
314044,2
314046,1
314047,4
314049,3
314050,4
314053,2
314054,1
314056,1
314057,2
314061,1
314063,3
314064,4
314066,1
314067,1
314070,2
314072,1
314074,1
314075,1
314076,3
314080,2
314081,4
314082,4
314083,1
314084,4
314085,1
314086,1
314087,1
314088,1
314089,1
314090,1
314091,1
314092,1
314094,1
314095,1
314096,1
314099,3
314103,4
314106,4
314107,4
314109,3
314110,1
314111,1
314113,3
314114,3
314115,3
314118,1
314119,1
314120,1
314121,3
314123,3
314127,1
314129,1
314131,3
314135,1
314136,4
314138,1
314142,3
314143,4
314145,3
314147,3
314148,1
314150,3
314151,3
314152,4
314153,4
314155,4
314156,1
314158,3
314160,3
314161,3
314162,3
314164,1
314165,4
314166,4
314167,4
314168,4
314169,1
314170,1
314171,1
314172,1
314174,1
314177,3
314178,3
314179,1
314182,1
314183,2
314185,3
314186,3
314188,1
314189,1
314190,3
314191,3
314196,1
314203,4
314205,3
314207,3
314208,1
314210,3
314212,1
314213,3
314214,4
314215,4
314216,1
314219,1
314224,3
314225,3
314226,1
314227,1
314231,1
314232,4
314234,1
314236,4
314239,1
314241,2
314242,1
314243,1
314244,1
314245,1
314248,1
314249,1
314250,1
314252,1
314257,2
314258,4
314260,1
314262,1
314263,1
314264,1
314266,2
314267,1
314270,1
314272,1
314273,1
314279,1
314280,2
314284,1
314285,1
314286,1
314292,1
314300,1
314301,1
314303,1
314304,1
314305,1
314307,1
314309,1
314310,1
314312,2
314313,1
314315,1
314316,1
314318,1
314322,3
314323,1
314324,1
314325,4
314326,2
314327,1
314328,1
314330,1
314331,1
314332,1
314333,1
314334,1
314335,1
314336,1
314337,1
314338,1
314339,1
314340,1
314341,1
314342,2
314343,1
314344,3
314345,2
314346,1
314350,1
314351,2
314352,1
314353,1
314357,1
314358,4
314364,1
314366,1
314367,1
314368,1
314369,1
314374,2
314375,2
314376,1
314377,1
314380,1
314382,1
314383,2
314384,1
314386,1
314387,1
314388,1
314391,3
314392,1
314393,1
314396,1
314399,1
314405,1
314406,1
314407,1
314409,1
314411,1
314412,1
314413,1
314414,1
314415,4
314417,1
314419,1
314420,1
314422,1
314423,3
314424,4
314425,1
314426,1
314428,1
314429,3
314437,4
314439,2
314441,1
314443,1
314451,1
314452,1
314453,2
314458,2
314459,1
314460,1
314461,1
314463,1
314465,1
314468,1
314469,1
314472,1
314473,1
314476,1
314477,1
314479,1
314480,4
314481,1
314482,4
314483,1
314484,1
314485,1
314486,4
314487,1
314488,1
314489,1
314491,1
314493,1
314494,1
314497,1
314498,1
314499,1
314500,1
314501,1
314502,1
314503,1
314504,1
314505,1
314506,1
314507,1
314508,1
314509,1
314510,2
314511,1
314513,1
314514,1
314515,1
314516,1
314517,1
314518,1
314519,1
314520,4
314521,4
314522,1
314528,1
314530,1
314536,1
314538,4
314539,2
314544,1
314545,3
314546,1
314547,1
314551,2
314552,1
314553,1
314554,1
314555,1
314556,1
314560,1
314561,1
314562,1
314563,4
314565,3
314567,1
314568,1
314571,1
314572,1
314573,4
314574,1
314575,3
314576,1
314579,1
314580,1
314582,1
314583,1
314585,3
314586,1
314587,3
314590,1
314591,1
314592,1
314593,3
314594,2
314597,1
314599,1
314600,2
314601,3
314602,3
314604,3
314606,1
314607,2
314608,2
314609,1
314610,3
314611,1
314612,1
314617,1
314618,1
314621,4
314624,1
314625,1
314626,4
314627,1
314628,1
314629,4
314631,2
314632,4
314633,4
314634,4
314635,1
314636,1
314637,1
314638,1
314639,4
314640,1
314641,2
314642,1
314643,1
314644,1
314647,1
314648,1
314649,4
314652,3
314653,1
314656,2
314657,1
314658,1
314659,1
314660,1
314662,1
314663,1
314664,2
314665,1
314666,1
314667,1
314668,1
314669,1
314670,1
314672,1
314673,1
314675,1
314676,1
314677,1
314678,1
314680,1
314681,2
314682,1
314685,1
314686,1
314687,1
314688,4
314689,1
314697,1
314698,1
314700,2
314701,1
314702,1
314703,1
314704,1
314705,1
314706,1
314707,1
314708,1
314709,1
314710,2
314712,3
314715,1
314717,1
314718,1
314719,1
314720,1
314721,1
314723,2
314724,4
314725,1
314726,2
314727,1
314731,1
314732,1
314733,1
314735,1
314736,1
314737,1
314739,1
314740,3
314741,1
314742,1
314743,1
314744,1
314746,1
314747,1
314748,1
314749,1
314750,1
314752,3
314754,1
314755,1
314757,1
314758,1
314761,2
314762,1
314763,1
314764,2
314765,1
314766,2
314767,1
314768,2
314769,1
314770,3
314772,1
314774,1
314775,1
314776,4
314777,1
314778,1
314781,1
314782,1
314784,1
314785,1
314788,1
314790,1
314793,1
314795,1
314796,1
314798,1
314802,1
314803,1
314805,1
314806,4
314807,1
314808,1
314810,4
314811,2
314812,4
314813,1
314814,1
314816,1
314818,1
314820,1
314825,1
314827,1
314829,1
314830,4
314832,1
314833,1
314834,1
314835,1
314836,1
314837,1
314838,3
314839,4
314841,1
314842,1
314844,1
314845,1
314846,1
314848,1
314849,1
314850,1
314851,1
314854,1
314855,1
314859,1
314860,1
314861,1
314862,1
314864,1
314865,1
314866,1
314867,1
314869,1
314870,3
314871,1
314873,1
314874,1
314875,2
314876,1
314877,1
314878,1
314879,1
314880,2
314881,1
314882,1
314883,1
314884,1
314885,4
314888,3
314889,4
314890,1
314891,1
314892,1
314893,1
314894,1
314895,1
314898,1
314899,1
314900,1
314901,1
314902,1
314903,3
314904,1
314906,1
314908,1
314909,1
314912,3
314915,1
314916,1
314919,1
314922,1
314923,4
314924,4
314926,1
314927,1
314929,2
314933,1
314935,4
314936,4
314937,1
314938,1
314939,3
314940,1
314945,1
314946,1
314947,1
314949,1
314958,1
314960,1
314962,1
314967,4
314968,1
314969,1
314970,1
314972,3
314974,1
314976,1
314977,1
314980,1
314981,1
314982,1
314984,1
314985,1
314986,1
314987,1
314988,1
314991,2
314992,1
314997,1
315000,1
315001,1
315002,1
315003,1
315005,1
315012,1
315014,1
315015,1
315016,1
315020,3
315021,1
315022,1
315023,1
315026,3
315029,1
315030,1
315032,1
315033,1
315034,1
315035,1
315037,1
315038,1
315040,1
315041,1
315042,1
315043,1
315044,1
315045,1
315046,4
315048,1
315049,1
315050,1
315051,1
315052,3
315054,1
315055,1
315057,1
315058,1
315059,1
315060,1
315062,1
315063,1
315065,1
315066,1
315067,3
315068,1
315069,2
315071,1
315073,1
315074,1
315075,1
315076,1
315077,1
315078,1
315079,4
315081,1
315083,1
315085,1
315086,1
315087,1
315089,2
315090,1
315092,1
315093,1
315094,1
315095,1
315097,1
315098,2
315099,1
315101,1
315102,1
315103,1
315104,2
315107,1
315109,1
315110,1
315112,1
315116,1
315118,1
315121,1
315124,1
315128,4
315129,1
315130,2
315132,1
315133,2
315134,1
315135,1
315136,1
315137,4
315138,1
315139,1
315140,1
315142,1
315143,1
315144,1
315145,1
315147,2
315148,4
315152,1
315153,1
315154,2
315156,1
315157,1
315158,4
315160,1
315162,2
315163,1
315164,1
315167,1
315169,1
315172,1
315173,1
315174,1
315175,2
315177,4
315178,1
315179,1
315180,3
315184,1
315185,1
315187,1
315190,1
315191,1
315192,1
315193,1
315194,4
315195,1
315196,1
315197,1
315198,1
315199,2
315200,1
315201,1
315202,1
315203,1
315204,2
315205,1
315206,2
315207,2
315208,1
315209,1
315210,2
315211,1
315213,1
315214,1
315215,1
315217,1
315218,1
315220,1
315221,1
315223,2
315224,2
315225,1
315226,1
315227,4
315228,1
315229,1
315230,1
315231,1
315233,1
315234,2
315235,1
315236,1
315238,1
315239,1
315240,1
315242,1
315243,1
315245,1
315246,1
315247,1
315248,1
315249,1
315252,1
315259,1
315265,1
315270,1
315273,1
315275,1
315276,1
315277,4
315278,1
315282,1
315283,1
315284,1
315288,1
315290,1
315292,1
315293,1
315295,1
315296,1
315297,1
315298,2
315299,4
315300,1
315301,1
315304,1
315306,1
315307,1
315309,1
315310,1
315311,1
315312,1
315315,1
315316,2
315317,4
315318,1
315321,1
315322,2
315324,1
315328,1
315331,1
315332,1
315333,1
315334,1
315336,4
315337,1
315340,4
315341,1
315342,1
315343,1
315344,1
315345,4
315346,2
315347,1
315348,1
315350,1
315351,1
315352,1
315353,1
315354,1
315355,1
315356,1
315357,1
315358,1
315359,1
315360,1
315361,2
315362,1
315365,1
315366,1
315367,1
315369,1
315370,1
315371,1
315373,1
315376,1
315377,1
315379,1
315380,1
315381,1
315383,1
315385,1
315386,1
315388,1
315389,1
315390,1
315391,1
315392,1
315395,1
315396,1
315398,1
315405,1
315407,1
315408,1
315409,1
315410,1
315411,1
315412,1
315414,2
315415,1
315417,4
315418,1
315419,1
315420,1
315421,1
315424,1
315425,1
315427,1
315430,1
315431,1
315432,1
315433,1
315435,1
315436,1
315437,1
315438,1
315439,1
315442,1
315443,3
315444,1
315445,2
315446,1
315447,1
315448,1
315449,4
315455,1
315456,1
315457,1
315458,1
315461,1
315467,1
315469,1
315470,1
315472,1
315473,1
315475,1
315477,1
315478,1
315479,1
315480,4
315481,1
315482,1
315484,1
315486,3
315487,2
315489,1
315490,1
315492,2
315494,2
315495,4
315496,2
315497,1
315498,1
315500,1
315502,1
315505,1
315506,1
315508,1
315509,1
315510,1
315511,2
315512,1
315513,1
315515,1
315516,1
315517,1
315519,1
315520,1
315524,1
315525,2
315530,1
315531,1
315532,1
315533,1
315538,1
315539,1
315540,1
315541,1
315546,1
315549,1
315550,1
315553,1
315556,1
315562,1
315564,1
315565,1
315568,1
315569,1
315570,1
315571,1
315572,1
315573,2
315577,1
315578,1
315580,1
315581,1
315582,1
315583,1
315587,1
315591,1
315594,1
315596,1
315597,1
315602,1
315604,1
315606,1
315607,1
315610,1
315612,1
315613,1
315614,2
315615,1
315617,1
315619,1
315620,1
315621,1
315623,1
315625,1
315626,1
315627,1
315628,1
315629,1
315630,1
315631,1
315632,1
315633,1
315634,1
315635,1
315637,1
315639,1
315640,1
315641,1
315643,1
315644,1
315645,2
315646,1
315647,2
315648,1
315649,1
315651,1
315652,3
315653,1
315655,1
315656,1
315657,1
315658,1
315659,1
315660,1
315663,1
315664,1
315666,1
315667,1
315668,1
315669,1
315670,1
315671,1
315672,1
315673,1
315675,1
315677,1
315678,3
315679,3
315682,3
315685,1
315686,4
315687,1
315689,2
315690,1
315691,1
315692,1
315694,1
315696,1
315697,4
315698,1
315699,1
315701,2
315702,2
315703,1
315704,1
315705,1
315706,1
315707,1
315708,1
315710,1
315711,1
315713,1
315714,1
315715,1
315717,1
315718,1
315719,1
315722,1
315723,1
315724,1
315726,1
315727,1
315728,1
315729,1
315731,1
315732,1
315733,1
315734,4
315735,1
315736,2
315738,1
315739,1
315740,1
315741,1
315742,1
315743,1
315744,1
315745,1
315746,1
315750,1
315751,1
315752,1
315753,1
315754,1
315755,1
315758,1
315761,1
315762,1
315763,1
315766,4
315768,1
315770,1
315771,1
315772,1
315773,1
315774,1
315777,1
315778,1
315779,1
315782,2
315784,1
315785,1
315786,1
315787,1
315789,1
315790,1
315791,1
315795,1
315797,1
315798,1
315799,1
315801,1
315802,1
315806,2
315808,3
315812,1
315817,4
315818,1
315819,1
315820,4
315822,2
315830,1
315832,1
315834,2
315842,1
315845,1
315847,1
315848,1
315849,1
315850,1
315852,1
315854,3
315868,4
315872,1
315874,4
315877,2
315879,1
315893,1
315899,1
315911,1
315914,1
315920,1
315923,1
315938,1
315956,1
315958,1
315961,1
315971,1
315974,1
315976,1
315980,1
315982,1
315988,2
315996,1
315997,1
315998,1
316061,1
316062,3
316065,1
316067,1
316068,1
316070,1
316071,1
316072,1
316074,1
316075,1
316077,1
316081,1
316082,1
316083,1
316085,2
316086,1
316087,1
316088,1
316092,3
316093,1
316097,1
316098,1
316099,1
316102,1
316109,1
316110,1
316111,1
316112,2
316117,1
316118,1
316119,1
316120,1
316125,1
316126,1
316127,1
316131,1
316132,1
316133,1
316134,1
316136,1
316137,1
316138,1
316139,1
316140,1
316141,1
316142,1
316143,1
316144,2
316146,1
316147,1
316148,1
316149,1
316151,1
316152,1
316153,2
316155,1
316156,1
316157,1
316158,1
316160,1
316161,1
316162,1
316163,1
316165,1
316168,1
316171,1
316174,1
316177,1
316178,1
316179,1
316180,1
316182,1
316183,1
316185,1
316188,1
316191,1
316192,1
316194,1
316195,1
316200,1
316202,1
316203,1
316205,1
316211,1
316213,1
316214,1
316216,1
316219,1
316220,1
316225,2
316227,1
316228,1
316229,1
316230,1
316231,1
316232,1
316233,1
316236,1
316237,1
316240,1
316241,1
316242,1
316245,1
316250,1
316251,1
316252,1
316256,1
316261,1
316263,1
316264,1
316265,1
316269,1
316271,1
316273,1
316274,1
316275,1
316277,1
316278,1
316281,1
316284,1
316285,1
316287,1
316288,1
316289,2
316290,1
316291,1
316297,1
316298,1
316300,1
316302,1
316304,1
316305,1
316306,1
316310,1
316314,1
316315,1
316316,1
316317,1
316319,2
316320,4
316321,1
316324,1
316325,1
316326,1
316327,1
316328,1
316333,2
316337,1
316338,1
316339,1
316344,1
316345,1
316347,1
316349,1
316351,1
316352,1
316354,1
316357,1
316358,1
316359,1
316361,1
316364,1
316365,1
316366,1
316370,1
316372,1
316373,1
316374,1
316377,1
316378,1
316379,1
316381,1
316382,1
316391,2
316394,3
316395,4
316401,1
316402,1
316403,1
316407,1
316408,1
316410,1
316416,1
316417,1
316418,1
316420,1
316422,3
316423,1
316424,3
316425,3
316428,1
316429,2
316436,1
316437,3
316439,1
316441,1
316442,1
316443,1
316447,1
316459,1
316463,1
316467,1
316469,1
316470,2
316479,1
316483,1
316492,1
316499,1
316504,1
316507,4
316517,1
316528,1
320003,1
320136,1
320151,4
320265,1
320268,1
320270,1
320278,1
320285,1
320286,1
320289,1
320294,1
320297,1
320303,1
320304,1
320315,1
320318,1
320325,1
320339,4
320344,1
320347,1
320380,4
320395,1
320399,1
320406,1
320412,1
320414,1
320420,1
320423,1
320424,1
320438,1
320441,1
320445,1
320463,1
320468,3
320469,3
320471,1
320476,1
320480,4
320490,1
320507,1
320511,1
320533,1
320543,3
320565,1
320569,2
320570,1
320582,1
320604,1
320605,1
320610,4
320618,1
320620,1
320621,1
320624,1
320632,2
320647,4
320649,1
320662,1
320663,1
320664,1
320671,3
320681,1
320696,1
320701,3
320703,1
320705,1
320708,1
320710,1
320712,1
320730,1
320733,2
320751,1
320754,1
320755,1
320774,1
320775,1
320779,1
320791,1
320792,1
320797,4
320798,2
320802,1
320813,3
320819,1
320847,1
320856,1
320858,1
320895,1
320899,3
320903,1
320907,1
320912,1
320914,4
320939,4
320945,1
320958,2
320983,1
320987,1
321000,1
321005,1
321008,1
321009,4
321014,1
321027,4
321030,1
321031,4
321035,4
321037,4
321040,1
321043,1
321044,1
321047,4
321054,1
321064,4
321066,1
321067,1
321069,1
321070,1
321076,1
321077,1
321079,4
321085,1
321086,4
321087,4
321090,2
321095,4
321146,4
321151,1
321155,1
321190,2
321225,4
321301,4
321305,1
321333,4
321338,4
321354,1
323501,1
323503,1
323509,1
323511,1
323533,1
323540,1
323546,1
323547,1
323548,1
323549,1
323553,1
323554,1
323567,1
323571,1
323579,1
323584,1
323587,1
323598,1
323702,1
323703,1
323705,1
323719,1
323727,1
323736,1
323740,1
323746,1
323748,1
323750,2
323762,1
323769,1
323777,1
323781,1
323785,1
323794,1
323795,1
323797,1
323812,1
323813,1
323820,1
323825,1
323839,1
323846,1
324002,1
324003,4
324005,4
324006,4
324009,4
324010,4
324011,1
324013,1
324014,4
324016,4
324018,1
324019,3
324045,2
324048,1
324052,2
324059,1
324060,1
324062,3
324068,1
324069,2
324077,1
324078,1
324079,2
324093,4
324097,2
324122,1
324128,1
324134,1
324159,2
324163,4
324200,4
324223,4
324235,4
324265,2
324268,1
324269,4
324275,1
324287,3
324299,3
324302,3
324371,1
324372,1
324430,3
324431,1
324454,1
324455,1
324467,2
324471,1
324490,4
324496,2
324523,1
324524,1
324525,1
324527,1
324531,1
324532,1
324533,1
324534,1
324535,1
324537,4
324543,1
324549,2
324557,2
324566,1
324577,4
324595,2
324596,2
324598,2
324614,1
324615,2
324620,4
324645,4
324646,2
324650,1
324655,1
324661,1
324671,1
324679,1
324683,1
324694,2
324699,1
324728,1
324734,2
324738,1
324759,1
324760,2
324773,1
324786,1
324789,1
324800,1
324817,1
324819,4
324826,4
324843,1
324857,4
324863,1
324868,1
324886,1
324889,4
324896,1
324907,1
324910,1
324914,1
324928,1
324948,1
324951,1
324952,1
324953,1
324954,1
324956,1
324964,2
324966,1
324973,1
324979,1
324990,1
324996,2
325009,1
325010,1
325024,2
325025,1
325028,1
325031,1
325047,1
325070,1
325072,1
325088,2
325091,1
325105,2
325155,1
325160,1
325176,4
325181,1
325182,1
325183,1
325186,1
325212,1
325216,1
325232,1
325251,1
325254,1
325260,1
325266,1
325267,1
325268,2
325271,1
325287,1
325289,1
325305,1
325325,1
325326,1
325329,1
325330,1
325339,2
325349,1
325363,1
325364,1
325372,1
325374,1
325382,1
325387,1
325393,1
325394,1
325403,2
325406,1
325422,2
325429,1
325434,2
325440,1
325441,2
325450,1
325451,1
325459,1
325462,1
325464,2
325467,1
325483,2
325485,1
325491,1
325504,4
325514,1
325518,2
325526,1
325528,1
325529,1
325536,1
325545,1
325551,1
325555,1
325557,1
325558,1
325560,1
325563,1
325567,2
325574,1
325579,1
325584,1
325589,1
325590,1
325593,1
325595,1
325598,1
325601,1
325603,1
325609,1
325611,1
325616,1
325622,1
325654,1
325661,1
325756,1
325769,1
325780,1
325783,1
325794,1
325807,2
325821,1
325853,4
325910,1
325912,1
325918,1
325923,2
325925,1
325926,2
325927,1
325931,1
325935,1
325948,1
325949,1
325954,1
325962,1
325968,1
325973,2
325975,1
325983,1
326073,1
326080,1
326084,1
326090,2
326094,1
326103,1
326105,1
326108,1
326113,1
326115,2
326121,1
326124,4
326129,1
326135,1
326164,1
326167,1
326169,1
326173,1
326175,1
326176,1
326189,1
326190,1
326198,1
326199,1
326201,1
326204,1
326208,2
326212,1
326215,2
326218,1
326222,1
326243,1
326249,1
326253,1
326257,1
326259,1
326260,2
326280,1
326286,1
326295,1
326299,1
326312,2
326318,1
326341,1
326342,1
326360,1
326362,1
326363,1
326368,1
326369,1
326375,2
326385,1
326400,1
326413,1
326440,1
326476,2
326494,1
326496,1
326520,1
330700,1
330822,1
331088,1
331099,1
334255,3
334541,1
334944,4
340700,1
341088,1
341099,4
344255,4
344541,1
350023,1
350030,1
350096,3
350173,1
350180,1
350302,1
350979,1
351002,1
351003,1
351016,1
351038,1
351075,1
351144,1
381022,1
381026,1
381449,1
410279,1
410434,1
410561,1
410570,1
410589,1
415813,1
415814,1
415815,1
415828,1
415831,1
415833,1
415835,1
415836,1
415838,1
415839,1
415856,1
415858,1
415859,1
415861,1
415862,1
415867,1
415873,1
415880,1
415883,1
415884,1
415886,1
415887,1
415888,1
415889,1
415890,1
415891,1
415895,1
415896,1
415897,1
415898,1
415900,1
415901,1
415903,1
415904,1
415907,1
415908,1
415913,1
415915,1
415917,1
415919,1
415921,1
415933,1
415934,1
415936,1
415937,1
415939,1
415940,1
415942,1
415943,1
415946,1
415963,1
415965,1
415978,1
415979,1
415981,1
415985,1
415986,1
415987,1
415990,1
415992,1
415993,1
415994,1
416000,1
416002,1
416003,1
416004,2
416005,1
416009,1
416012,1
416013,1
416014,1
416016,1
416017,1
416019,1
416020,4
416021,1
416024,1
416027,1
416029,1
416030,1
416031,1
416033,1
416035,1
416038,1
416039,1
416045,1
416049,1
416050,1
416052,1
416053,1
416057,1
416059,1
416060,1
416063,1
416064,1
416067,1
416097,1
416102,1
416113,1
416114,1
416117,1
416122,1
416139,1
416155,1
416183,1
416213,1
416276,1
416279,1
416293,1
416384,1
416386,1
416387,1
416502,1
416508,1
416509,1
416510,1
416511,1
416513,1
416521,1
416527,1
416532,1
420257,1
420265,1
425909,1
425945,1
425950,2
425995,1
426001,1
426006,2
426034,1
426036,2
426500,2
426501,2
426519,1
